{"HAPPY":0.3333333333333333,
"SAD":0.2,
"ANGRY":0.0,
"CONFUSED":0.13333333333333333,
"DISGUSTED":0.0,
"SURPRISED":0.3333333333333333,
"CALM":0.0,
"UNKNOWN":0.0
}